##T[K]	p[bar]	E[V/mm]	v[mm/ms]	dL[mm^1/2]	dT[mm^1/2]
293.15	30	100	2224.65	0.0228063	0.0298986
293.15	30	110	2350.77	0.0221458	0.0301381
293.15	30	120	2469.3	0.0221332	0.0297205
293.15	30	130	2584.22	0.0218271	0.0290282
293.15	30	140	2706	0.0219404	0.0288482
293.15	30	150	2803.63	0.021205	0.0281653
293.15	30	160	2897.75	0.0211101	0.0281232
293.15	30	170	2993.2	0.0198939	0.0278726
293.15	30	180	3080.66	0.0200919	0.0276523
293.15	30	190	3177.53	0.0200396	0.0279514
293.15	30	200	3260.67	0.0194664	0.0271794
293.15	30	210	3350.74	0.0203194	0.0277252
293.15	30	220	3420.21	0.0198402	0.0281185
293.15	30	230	3495.87	0.0194433	0.0275442
293.15	30	240	3565.99	0.0190738	0.0276004
293.15	30	250	3635.71	0.0188491	0.0273852
293.15	30	260	3703.84	0.0186817	0.0273957
293.15	30	270	3773.03	0.018931	0.0273136
293.15	30	280	3841.35	0.0185845	0.0270908
293.15	30	290	3899.91	0.018993	0.026455
293.15	30	300	3958.85	0.0189403	0.026639
293.15	30	310	4019.26	0.0188889	0.027114
293.15	30	320	4085.8	0.0189712	0.027007
293.15	30	330	4147.74	0.0185946	0.0269407
293.15	30	340	4204.53	0.0186402	0.0276162
293.15	30	350	4262.09	0.0177809	0.0270612
293.15	30	360	4316.99	0.018904	0.0268772
293.15	30	370	4376.4	0.0183244	0.0264029
293.15	30	380	4422.57	0.0181341	0.0271931
293.15	30	390	4475.04	0.0184984	0.0269306
293.15	30	400	4531.16	0.0184308	0.0264699
293.15	28	100	2310.28	0.0228171	0.0307624
293.15	28	110	2441.82	0.0228062	0.0300422
293.15	28	120	2571.19	0.0225927	0.0298881
293.15	28	130	2689.28	0.0219611	0.0295619
293.15	28	140	2806.22	0.0222375	0.0304595
293.15	28	150	2908.37	0.0214586	0.0293943
293.15	28	160	3008.61	0.0216414	0.0292417
293.15	28	170	3111.97	0.020521	0.0288363
293.15	28	180	3185.66	0.0207491	0.0286539
293.15	28	190	3289.45	0.0204177	0.0291577
293.15	28	200	3375.66	0.0198357	0.0280006
293.15	28	210	3458.82	0.0208287	0.0284915
293.15	28	220	3536.86	0.020501	0.0288534
293.15	28	230	3614.98	0.0201217	0.0277752
293.15	28	240	3687.65	0.0202924	0.028185
293.15	28	250	3763.33	0.0197081	0.0280845
293.15	28	260	3826.57	0.0200397	0.0283937
293.15	28	270	3903.34	0.0193263	0.0276586
293.15	28	280	3962.85	0.0191223	0.0278209
293.15	28	290	4032.54	0.0192166	0.027594
293.15	28	300	4089.98	0.0198643	0.0280835
293.15	28	310	4160.62	0.0192101	0.0273699
293.15	28	320	4222.35	0.0196323	0.0272836
293.15	28	330	4285.26	0.0189706	0.0280107
293.15	28	340	4341.15	0.0191714	0.0281031
293.15	28	350	4401.16	0.0197051	0.0270675
293.15	28	360	4460.44	0.0188075	0.0282957
293.15	28	370	4519.42	0.0192223	0.0277458
293.15	28	380	4560.64	0.0190665	0.027248
293.15	28	390	4617.42	0.019206	0.0273594
293.15	28	400	4683.34	0.0191542	0.0276273
293.15	8	100	4396.17	0.0365661	0.0518929
293.15	8	110	4594.19	0.0360313	0.0511442
293.15	8	120	4782.99	0.0355178	0.0508074
293.15	8	130	4970.85	0.0343885	0.0504214
293.15	8	140	5147.3	0.0359428	0.0504775
293.15	8	150	5323.74	0.0352734	0.0496195
293.15	8	160	5478.68	0.0353302	0.0505011
293.15	8	170	5634.71	0.0350523	0.0499163
293.15	8	180	5806.75	0.0345884	0.0505554
293.15	8	190	5954.68	0.0338711	0.0492875
293.15	8	200	6132.17	0.0343234	0.0491195
293.15	8	210	6285.07	0.0345221	0.0494524
293.15	8	220	6443.66	0.0349109	0.0494527
293.15	8	230	6590.84	0.0340861	0.0488802
293.15	8	240	6728.05	0.0342287	0.04877
293.15	8	250	6883.46	0.0342002	0.0486606
293.15	8	260	7035.78	0.0341904	0.0479994
293.15	8	270	7154.37	0.0348635	0.0472248
293.15	8	280	7323.56	0.0340872	0.0467986
293.15	8	290	7460.69	0.0324215	0.047586
293.15	8	300	7601.53	0.0340901	0.046754
293.15	8	310	7742.7	0.0330549	0.0468015
293.15	8	320	7881.19	0.0334041	0.0474754
293.15	8	330	8030.88	0.0337905	0.0470188
293.15	8	340	8145.94	0.0334289	0.0475464
293.15	8	350	8281.62	0.0336386	0.0470581
293.15	8	360	8435.89	0.0328828	0.0466548
293.15	8	370	8563.27	0.0324136	0.0453277
293.15	8	380	8710.68	0.0340136	0.0458415
293.15	8	390	8821.06	0.0322158	0.0454067
293.15	8	400	8947.93	0.0339797	0.0461162
293.15	23	100	2588	0.0242741	0.0323311
293.15	23	110	2729.75	0.0237945	0.0323826
293.15	23	120	2872.38	0.0242459	0.0326502
293.15	23	130	2984.81	0.0236273	0.0320437
293.15	23	140	3125.19	0.0236292	0.0319864
293.15	23	150	3228.14	0.0231395	0.0320878
293.15	23	160	3326.43	0.0224412	0.0317019
293.15	23	170	3427.64	0.0219819	0.0309602
293.15	23	180	3532.44	0.0214434	0.0316583
293.15	23	190	3629.48	0.0219606	0.0310506
293.15	23	200	3714.08	0.0215685	0.0306834
293.15	23	210	3806.46	0.0221382	0.0315963
293.15	23	220	3889.88	0.0209963	0.0307679
293.15	23	230	3970.77	0.0216321	0.0309855
293.15	23	240	4050.12	0.0213736	0.0305088
293.15	23	250	4128.5	0.0208512	0.0303905
293.15	23	260	4197	0.0215859	0.0309459
293.15	23	270	4274.97	0.0215728	0.0306259
293.15	23	280	4344.72	0.0201083	0.0309034
293.15	23	290	4408.33	0.0214569	0.0306225
293.15	23	300	4477.81	0.0212781	0.030102
293.15	23	310	4552.4	0.0214562	0.0300432
293.15	23	320	4623.66	0.0213995	0.0299507
293.15	23	330	4684.83	0.020904	0.0303381
293.15	23	340	4741.19	0.0204887	0.029906
293.15	23	350	4818.47	0.0206946	0.0303164
293.15	23	360	4882.11	0.0209889	0.0305839
293.15	23	370	4933.1	0.0203398	0.0296687
293.15	23	380	5005.07	0.0207369	0.0297338
293.15	23	390	5060.98	0.0207678	0.0295879
293.15	23	400	5125.32	0.0199798	0.0295833
293.15	7	100	4672.14	0.0366918	0.0556817
293.15	7	110	4894.36	0.0375576	0.0543682
293.15	7	120	5091.52	0.0372128	0.0550232
293.15	7	130	5288.49	0.0367642	0.0543004
293.15	7	140	5482.69	0.0377204	0.0532214
293.15	7	150	5696.57	0.0380637	0.053513
293.15	7	160	5850.23	0.0367134	0.0537362
293.15	7	170	6021.29	0.0369707	0.0528369
293.15	7	180	6207.14	0.0374397	0.0524112
293.15	7	190	6376.7	0.0366815	0.0518385
293.15	7	200	6569.05	0.0366888	0.0520007
293.15	7	210	6743.7	0.0366475	0.0520291
293.15	7	220	6912.46	0.0362652	0.0515135
293.15	7	230	7093.88	0.0356089	0.0523703
293.15	7	240	7239.38	0.0366327	0.0520971
293.15	7	250	7400.63	0.0359385	0.0510174
293.15	7	260	7560.65	0.035158	0.0503237
293.15	7	270	7718.06	0.0363024	0.0501141
293.15	7	280	7876.65	0.0354106	0.0495698
293.15	7	290	8036.74	0.0346286	0.0490436
293.15	7	300	8203.85	0.0362709	0.0493209
293.15	7	310	8341.01	0.0353721	0.0501042
293.15	7	320	8508.9	0.0348433	0.0493061
293.15	7	330	8655.84	0.0359621	0.049783
293.15	7	340	8785.31	0.0354576	0.0487562
293.15	7	350	8956.57	0.0359123	0.0478139
293.15	7	360	9114.25	0.0348686	0.0484977
293.15	7	370	9263.08	0.033763	0.0478487
293.15	7	380	9388.81	0.0348773	0.0477954
293.15	7	390	9534.37	0.0341392	0.0477734
293.15	7	400	9662.69	0.0354263	0.0476764
293.15	21	100	2718.6	0.0247525	0.0341942
293.15	21	110	2879.02	0.0248305	0.0346632
293.15	21	120	3006.62	0.0246746	0.0340847
293.15	21	130	3138.45	0.0245435	0.0339695
293.15	21	140	3270.89	0.0237534	0.0328894
293.15	21	150	3378.27	0.022976	0.0330817
293.15	21	160	3481.09	0.0235706	0.0318939
293.15	21	170	3589.3	0.023099	0.0329822
293.15	21	180	3687.34	0.0227084	0.032253
293.15	21	190	3787.82	0.0222432	0.0330277
293.15	21	200	3888.26	0.0219216	0.0322985
293.15	21	210	3979.55	0.0226309	0.032311
293.15	21	220	4052.64	0.0219582	0.0315863
293.15	21	230	4138.73	0.0224435	0.0324682
293.15	21	240	4227.39	0.0222193	0.0317994
293.15	21	250	4305.75	0.022175	0.0325988
293.15	21	260	4377.82	0.0220413	0.0315902
293.15	21	270	4463.55	0.0220016	0.0319889
293.15	21	280	4531.23	0.0217798	0.0319942
293.15	21	290	4603.87	0.022238	0.0316224
293.15	21	300	4667.39	0.0224353	0.0321952
293.15	21	310	4740.66	0.0216317	0.0318533
293.15	21	320	4826.46	0.0219445	0.0316398
293.15	21	330	4881.36	0.021752	0.0314629
293.15	21	340	4947.17	0.0217541	0.0311942
293.15	21	350	5023.25	0.0211438	0.0312227
293.15	21	360	5094.01	0.0218047	0.0312984
293.15	21	370	5163.18	0.0222576	0.0311264
293.15	21	380	5216.83	0.0222002	0.0312688
293.15	21	390	5286.5	0.0222706	0.0320059
293.15	21	400	5346.93	0.0213183	0.03144
293.15	15	100	3258.31	0.0279485	0.0390389
293.15	15	110	3418.35	0.0276481	0.039479
293.15	15	120	3565.63	0.0276005	0.0375584
293.15	15	130	3716.67	0.0265664	0.0382055
293.15	15	140	3844.73	0.0268815	0.0380404
293.15	15	150	3969.92	0.0266795	0.0386688
293.15	15	160	4088.7	0.0263465	0.0385009
293.15	15	170	4204.26	0.0265855	0.0371728
293.15	15	180	4316.83	0.0253761	0.0378347
293.15	15	190	4426.13	0.0261017	0.0380472
293.15	15	200	4533.88	0.0257681	0.03779
293.15	15	210	4648.37	0.0266837	0.0380196
293.15	15	220	4738.59	0.0254484	0.0375455
293.15	15	230	4833.82	0.0251767	0.0375524
293.15	15	240	4935.83	0.025524	0.0375526
293.15	15	250	5017.2	0.0257191	0.0374573
293.15	15	260	5117.38	0.025296	0.0368612
293.15	15	270	5215.2	0.0256339	0.0372211
293.15	15	280	5305.85	0.0239951	0.0371704
293.15	15	290	5385.63	0.0257495	0.0366607
293.15	15	300	5476.34	0.0252251	0.0368354
293.15	15	310	5573.19	0.0255608	0.0366651
293.15	15	320	5651.44	0.0251476	0.0366382
293.15	15	330	5734.32	0.0246901	0.036617
293.15	15	340	5836.84	0.0263609	0.0364917
293.15	15	350	5910.87	0.0255048	0.0363037
293.15	15	360	5997.32	0.0253365	0.0374647
293.15	15	370	6079.61	0.0258122	0.0362041
293.15	15	380	6162.23	0.0250668	0.0357354
293.15	15	390	6245.01	0.0257698	0.034842
293.15	15	400	6327.98	0.0251479	0.0353153
293.15	9	100	4163.84	0.0331828	0.0488097
293.15	9	110	4356.39	0.0342383	0.048682
293.15	9	120	4535.7	0.0334788	0.0495246
293.15	9	130	4710.81	0.0327385	0.0494564
293.15	9	140	4875.75	0.0335271	0.0477207
293.15	9	150	5039.03	0.0333321	0.0469049
293.15	9	160	5180.26	0.0333812	0.0479504
293.15	9	170	5323.07	0.0326796	0.048263
293.15	9	180	5473.95	0.0328905	0.048385
293.15	9	190	5612.03	0.0319156	0.0475664
293.15	9	200	5786.96	0.0317045	0.0470992
293.15	9	210	5924.14	0.0323368	0.0465055
293.15	9	220	6059.77	0.0318922	0.0466029
293.15	9	230	6198.82	0.0319078	0.0456238
293.15	9	240	6338.36	0.0329704	0.0459059
293.15	9	250	6461.2	0.032788	0.0468692
293.15	9	260	6615.74	0.0329415	0.0463084
293.15	9	270	6724.92	0.0323045	0.0461972
293.15	9	280	6866.13	0.0321979	0.0458029
293.15	9	290	6991.96	0.0311333	0.0446018
293.15	9	300	7129.83	0.032788	0.0442017
293.15	9	310	7248.97	0.0314864	0.0448282
293.15	9	320	7381.92	0.0329439	0.0451767
293.15	9	330	7518.56	0.0320437	0.0449066
293.15	9	340	7644.39	0.0319309	0.0442221
293.15	9	350	7752.13	0.031878	0.0447542
293.15	9	360	7881.03	0.0310152	0.0438019
293.15	9	370	8005.45	0.0315776	0.0433448
293.15	9	380	8131.51	0.0312971	0.0439086
293.15	9	390	8236.87	0.0316893	0.043958
293.15	9	400	8351.06	0.0312706	0.0439855
293.15	24	100	2528.24	0.0240285	0.0324159
293.15	24	110	2667.39	0.0240137	0.0318514
293.15	24	120	2802.6	0.023589	0.0314139
293.15	24	130	2927.18	0.0233466	0.0318921
293.15	24	140	3049.24	0.0226806	0.0315636
293.15	24	150	3146.42	0.0223805	0.0316057
293.15	24	160	3257.23	0.0229155	0.0310576
293.15	24	170	3352.71	0.0219821	0.0307039
293.15	24	180	3455.94	0.0218008	0.0301431
293.15	24	190	3553.92	0.0217909	0.0303282
293.15	24	200	3650.19	0.0215583	0.0307364
293.15	24	210	3732.9	0.0210954	0.0300921
293.15	24	220	3813.33	0.0213817	0.0298126
293.15	24	230	3900.56	0.0211771	0.0305796
293.15	24	240	3969.94	0.0211643	0.030062
293.15	24	250	4057.25	0.0210024	0.0294435
293.15	24	260	4119.47	0.0207429	0.0298825
293.15	24	270	4198.08	0.0209977	0.0306189
293.15	24	280	4259.02	0.0203259	0.0301092
293.15	24	290	4324.42	0.0211187	0.0298226
293.15	24	300	4390.42	0.0210744	0.0296722
293.15	24	310	4471.28	0.0209876	0.0295073
293.15	24	320	4534.42	0.0202664	0.0303511
293.15	24	330	4600.09	0.0199632	0.0297021
293.15	24	340	4656.5	0.0207928	0.0297838
293.15	24	350	4728.85	0.0202776	0.0300328
293.15	24	360	4788.96	0.0196671	0.0293133
293.15	24	370	4842.43	0.0206197	0.0294865
293.15	24	380	4904.93	0.0203493	0.0293546
293.15	24	390	4966.22	0.0197804	0.0294497
293.15	24	400	5021.54	0.0196792	0.0294454
293.15	22	100	2654.65	0.0248639	0.0332707
293.15	22	110	2797.1	0.0247687	0.0333046
293.15	22	120	2935.13	0.0244036	0.0328303
293.15	22	130	3059.95	0.0236497	0.0321519
293.15	22	140	3188.01	0.0237548	0.0322251
293.15	22	150	3303.56	0.0237694	0.0314438
293.15	22	160	3402.18	0.0233615	0.0323438
293.15	22	170	3511.41	0.0229798	0.0321274
293.15	22	180	3601.54	0.0224201	0.0316804
293.15	22	190	3699.1	0.0222393	0.0310777
293.15	22	200	3798.2	0.0220749	0.0320045
293.15	22	210	3895.9	0.022219	0.0318091
293.15	22	220	3966.4	0.0220102	0.0316178
293.15	22	230	4051.51	0.022041	0.0314329
293.15	22	240	4137.64	0.0217253	0.031491
293.15	22	250	4203.09	0.0216607	0.0311613
293.15	22	260	4281.74	0.0213827	0.0309318
293.15	22	270	4368.61	0.0217878	0.0305935
293.15	22	280	4441.87	0.0210789	0.0311089
293.15	22	290	4501.51	0.0211098	0.0313253
293.15	22	300	4580.78	0.0211762	0.0311892
293.15	22	310	4648.74	0.0204252	0.0313023
293.15	22	320	4712.68	0.0219751	0.0313715
293.15	22	330	4778.47	0.0219865	0.0312074
293.15	22	340	4841.99	0.0209249	0.0307236
293.15	22	350	4915.25	0.0214001	0.0317971
293.15	22	360	4983.93	0.0211747	0.0306918
293.15	22	370	5049.34	0.0211662	0.0312383
293.15	22	380	5102.75	0.0213095	0.0306173
293.15	22	390	5167.09	0.0215047	0.0298554
293.15	22	400	5230.62	0.0214904	0.029951
293.15	4	100	6124.83	0.0493746	0.0710872
293.15	4	110	6442.25	0.0493978	0.0694093
293.15	4	120	6737.78	0.0495468	0.0693488
293.15	4	130	7039.38	0.0477352	0.0674741
293.15	4	140	7336.3	0.0483472	0.0664079
293.15	4	150	7624.32	0.0474625	0.0666683
293.15	4	160	7879.5	0.0475723	0.0664859
293.15	4	170	8159.88	0.0475866	0.0662876
293.15	4	180	8438.98	0.0488699	0.0656736
293.15	4	190	8691.72	0.0465636	0.0651662
293.15	4	200	8946.13	0.0453943	0.06532
293.15	4	210	9214.8	0.0473818	0.0647434
293.15	4	220	9473.4	0.0446015	0.0624765
293.15	4	230	9720.49	0.0463622	0.0623171
293.15	4	240	9963.19	0.0461287	0.0630134
293.15	4	250	10206.1	0.0456464	0.0626087
293.15	4	260	10430	0.0432926	0.0620446
293.15	4	270	10658.9	0.0435986	0.0621022
293.15	4	280	10889.3	0.0453486	0.0609805
293.15	4	290	11125.4	0.0433518	0.0610414
293.15	4	300	11374.4	0.0445282	0.0601556
293.15	4	310	11579.7	0.0441412	0.0607132
293.15	4	320	11803	0.0439315	0.0611343
293.15	4	330	12002.9	0.0438991	0.0599338
293.15	4	340	12228.8	0.0433592	0.0589887
293.15	4	350	12470.5	0.0433808	0.0580135
293.15	4	360	12627.3	0.0424721	0.0579066
293.15	4	370	12880.9	0.0429342	0.0581902
293.15	4	380	13076.8	0.0430413	0.0582069
293.15	4	390	13279.4	0.0432502	0.0580626
293.15	4	400	13479.4	0.0434729	0.0579533
293.15	31	100	2182.17	0.022596	0.0301736
293.15	31	110	2297.64	0.0222275	0.0296225
293.15	31	120	2428.61	0.0224221	0.0287562
293.15	31	130	2537.65	0.0219542	0.0282747
293.15	31	140	2653.23	0.0212973	0.0290195
293.15	31	150	2751.27	0.0201701	0.0280485
293.15	31	160	2841.67	0.0205514	0.0278022
293.15	31	170	2941.82	0.0204006	0.0273303
293.15	31	180	3022.6	0.0194068	0.0275328
293.15	31	190	3124.51	0.0194051	0.0279323
293.15	31	200	3210.91	0.0196672	0.0277357
293.15	31	210	3293.08	0.0194984	0.0272235
293.15	31	220	3366.95	0.0194803	0.0273966
293.15	31	230	3441.48	0.0197236	0.0268271
293.15	31	240	3509.12	0.019053	0.0269616
293.15	31	250	3588.9	0.019127	0.0267999
293.15	31	260	3651.85	0.0191583	0.0266846
293.15	31	270	3719.69	0.0189532	0.0270944
293.15	31	280	3779.65	0.0185817	0.0266065
293.15	31	290	3843.37	0.0195832	0.0270652
293.15	31	300	3897.85	0.0189601	0.0263708
293.15	31	310	3962.93	0.0187994	0.0266594
293.15	31	320	4025.58	0.0191613	0.0268868
293.15	31	330	4083.88	0.018159	0.026832
293.15	31	340	4146.34	0.0185399	0.026488
293.15	31	350	4192.28	0.0179296	0.0266914
293.15	31	360	4258.04	0.0183541	0.0265312
293.15	31	370	4292.4	0.018672	0.0259609
293.15	31	380	4362.3	0.0185229	0.0258953
293.15	31	390	4405.63	0.0184954	0.026398
293.15	31	400	4464.47	0.0177242	0.0261826
293.15	32	100	2138.62	0.0216936	0.0297773
293.15	32	110	2260.59	0.0219201	0.0290949
293.15	32	120	2378.25	0.0219612	0.0291875
293.15	32	130	2497.04	0.0217568	0.0289025
293.15	32	140	2601.24	0.0209013	0.0277338
293.15	32	150	2701.84	0.0201939	0.0272034
293.15	32	160	2792.82	0.0207136	0.0278791
293.15	32	170	2891.93	0.0197912	0.0277502
293.15	32	180	2984.09	0.0199156	0.0276231
293.15	32	190	3073.22	0.0200135	0.027257
293.15	32	200	3153.25	0.0199452	0.0265013
293.15	32	210	3236.39	0.0194484	0.0259511
293.15	32	220	3306.86	0.0184594	0.0266011
293.15	32	230	3389.58	0.0194285	0.0268394
293.15	32	240	3453.52	0.0187627	0.0264969
293.15	32	250	3530.75	0.0184838	0.0269642
293.15	32	260	3595.4	0.0192962	0.0263503
293.15	32	270	3657.93	0.0185661	0.0262256
293.15	32	280	3716.02	0.0186184	0.0262822
293.15	32	290	3783.68	0.0190072	0.0258741
293.15	32	300	3839.7	0.018679	0.0259618
293.15	32	310	3910.18	0.0188636	0.0258207
293.15	32	320	3962.8	0.0184935	0.0259036
293.15	32	330	4017.5	0.0185603	0.0263229
293.15	32	340	4085.75	0.0181273	0.0264315
293.15	32	350	4135.88	0.0179377	0.0253936
293.15	32	360	4192.52	0.0184763	0.0255401
293.15	32	370	4249.4	0.0183277	0.0262144
293.15	32	380	4292.24	0.0181673	0.0260532
293.15	32	390	4347.47	0.0180921	0.0255414
293.15	32	400	4402.63	0.0180343	0.0259
293.15	11	100	3793.64	0.0312209	0.045306
293.15	11	110	3970.13	0.030914	0.0445735
293.15	11	120	4132.45	0.0317791	0.0441532
293.15	11	130	4300.44	0.0303468	0.0442602
293.15	11	140	4451.61	0.0309065	0.0441291
293.15	11	150	4587.36	0.0300368	0.0443338
293.15	11	160	4710.53	0.0302545	0.0436684
293.15	11	170	4853.32	0.0293253	0.0440498
293.15	11	180	4974.55	0.029253	0.0435763
293.15	11	190	5110.38	0.0291195	0.0436597
293.15	11	200	5236.37	0.0291648	0.0431952
293.15	11	210	5373.92	0.0301167	0.0435036
293.15	11	220	5482.84	0.0304958	0.0423067
293.15	11	230	5603.56	0.0298833	0.0420478
293.15	11	240	5723.4	0.0296194	0.0416151
293.15	11	250	5838.56	0.0296901	0.0426775
293.15	11	260	5956.23	0.0287538	0.0430272
293.15	11	270	6074.19	0.0295261	0.0427708
293.15	11	280	6194.18	0.0284445	0.0417066
293.15	11	290	6290.95	0.029901	0.0418184
293.15	11	300	6399.01	0.0289171	0.0422326
293.15	11	310	6508.82	0.0297567	0.0411563
293.15	11	320	6618.77	0.0298056	0.0411303
293.15	11	330	6726.67	0.0288948	0.0416368
293.15	11	340	6836.05	0.0298993	0.0423902
293.15	11	350	6952.58	0.0297531	0.0402513
293.15	11	360	7058.84	0.0288978	0.0420135
293.15	11	370	7166.99	0.0298579	0.0405388
293.15	11	380	7265.26	0.0291005	0.0403622
293.15	11	390	7375.03	0.0301017	0.040205
293.15	11	400	7479.99	0.0295416	0.0411208
293.15	10	100	3969.99	0.0324704	0.0473139
293.15	10	110	4147.69	0.031745	0.0468357
293.15	10	120	4314.77	0.0318074	0.0464632
293.15	10	130	4484.58	0.0320584	0.0466567
293.15	10	140	4645.29	0.0320633	0.0461456
293.15	10	150	4786.59	0.0310922	0.045394
293.15	10	160	4927.01	0.0312027	0.0450395
293.15	10	170	5070.31	0.0311416	0.0450482
293.15	10	180	5207.36	0.0311361	0.0446622
293.15	10	190	5347.06	0.0312231	0.0448015
293.15	10	200	5483.59	0.0307471	0.0456031
293.15	10	210	5614.7	0.0315708	0.0451777
293.15	10	220	5752.99	0.0303358	0.044335
293.15	10	230	5873.87	0.0307758	0.044861
293.15	10	240	6008.75	0.0315899	0.0428547
293.15	10	250	6126.15	0.0314017	0.0442486
293.15	10	260	6249.4	0.0308331	0.043771
293.15	10	270	6367.71	0.030913	0.0433087
293.15	10	280	6487.67	0.030386	0.0448236
293.15	10	290	6611.91	0.0293922	0.0436851
293.15	10	300	6734.39	0.0298085	0.0435391
293.15	10	310	6856.77	0.0304064	0.0428503
293.15	10	320	6959.8	0.0303843	0.042989
293.15	10	330	7090.09	0.0310459	0.0417804
293.15	10	340	7202.17	0.0301353	0.0433849
293.15	10	350	7308.59	0.0302405	0.0432955
293.15	10	360	7447.04	0.029307	0.0421275
293.15	10	370	7552.2	0.0294487	0.0423206
293.15	10	380	7673.09	0.031151	0.0430407
293.15	10	390	7756.92	0.0309879	0.0420359
293.15	10	400	7884.64	0.029603	0.0421261
293.15	26	100	2415.27	0.0235348	0.0312574
293.15	26	110	2550.46	0.0247076	0.0309746
293.15	26	120	2683.94	0.0236593	0.0306345
293.15	26	130	2798.7	0.0227852	0.0310463
293.15	26	140	2926.71	0.0226987	0.0306773
293.15	26	150	3027.08	0.0224824	0.0302935
293.15	26	160	3123.06	0.0228405	0.0298305
293.15	26	170	3223.85	0.0214098	0.0294279
293.15	26	180	3315.44	0.0208074	0.0298248
293.15	26	190	3411.62	0.0205398	0.030219
293.15	26	200	3500.67	0.0217429	0.0293188
293.15	26	210	3592.24	0.0208753	0.029512
293.15	26	220	3676.38	0.0211015	0.0291732
293.15	26	230	3745.02	0.0206815	0.0289993
293.15	26	240	3816.69	0.021047	0.0289716
293.15	26	250	3893.91	0.0198282	0.0297719
293.15	26	260	3970.27	0.0199229	0.0287944
293.15	26	270	4039.01	0.0202291	0.0294081
293.15	26	280	4113.96	0.019994	0.0287569
293.15	26	290	4169.22	0.0200513	0.0288719
293.15	26	300	4234.38	0.0198474	0.0293202
293.15	26	310	4307.9	0.0197839	0.0290613
293.15	26	320	4367.07	0.0200738	0.0288158
293.15	26	330	4423.95	0.0192322	0.0284156
293.15	26	340	4490.36	0.0205103	0.0287226
293.15	26	350	4550.47	0.0199129	0.0282829
293.15	26	360	4611.2	0.0196531	0.0278909
293.15	26	370	4672.59	0.019824	0.0279621
293.15	26	380	4727.71	0.0196607	0.0280904
293.15	26	390	4785.55	0.0197393	0.0285647
293.15	26	400	4840.82	0.0190849	0.0287378
293.15	2	100	8934.17	0.0660425	0.0900675
293.15	2	110	9453.5	0.0653815	0.0897803
293.15	2	120	9948.98	0.0651114	0.0890961
293.15	2	130	10424	0.0642031	0.0863551
293.15	2	140	10922.1	0.063604	0.0873839
293.15	2	150	11379.6	0.0624971	0.0860784
293.15	2	160	11805.5	0.0628614	0.084955
293.15	2	170	12214.3	0.0645105	0.0833451
293.15	2	180	12651.7	0.0621628	0.0828797
293.15	2	190	13060.1	0.0588825	0.0814033
293.15	2	200	13456.9	0.0596572	0.08262
293.15	2	210	13884.2	0.0583575	0.0817158
293.15	2	220	14273.2	0.0603565	0.0829673
293.15	2	230	14664.3	0.059809	0.0807738
293.15	2	240	15027.7	0.0570376	0.0786555
293.15	2	250	15431.4	0.0591539	0.0792522
293.15	2	260	15745	0.0589126	0.0787894
293.15	2	270	16128.4	0.0586156	0.0787013
293.15	2	280	16476.9	0.0591098	0.0787079
293.15	2	290	16808.7	0.0576666	0.0783992
293.15	2	300	17149.6	0.0568791	0.0771493
293.15	2	310	17521.3	0.0577808	0.0789133
293.15	2	320	17829.8	0.0580029	0.0759764
293.15	2	330	18170.2	0.0581891	0.0769868
293.15	2	340	18487	0.0575031	0.0778901
293.15	2	350	18827.2	0.0570002	0.0763512
293.15	2	360	19085.9	0.0579497	0.0778551
293.15	2	370	19471.3	0.0588048	0.0791777
293.15	2	380	19784.5	0.0570106	0.0776507
293.15	2	390	20101	0.0573349	0.076295
293.15	2	400	20374.9	0.0590214	0.0755035
293.15	16	100	3156.51	0.0265475	0.0373628
293.15	16	110	3307.95	0.0275688	0.0383756
293.15	16	120	3451.94	0.0270586	0.0369705
293.15	16	130	3604.14	0.0268081	0.0381274
293.15	16	140	3734.97	0.0264385	0.0378353
293.15	16	150	3853.63	0.0263477	0.0374164
293.15	16	160	3962.91	0.0254941	0.0370354
293.15	16	170	4085.34	0.0250638	0.0366397
293.15	16	180	4185.24	0.0245372	0.0374176
293.15	16	190	4297.69	0.0254753	0.0358385
293.15	16	200	4406.45	0.02522	0.036149
293.15	16	210	4507.91	0.0252167	0.0369248
293.15	16	220	4587.16	0.0253015	0.0369097
293.15	16	230	4694.92	0.024817	0.0371657
293.15	16	240	4789.02	0.0252882	0.0355218
293.15	16	250	4869.88	0.0243469	0.0363874
293.15	16	260	4959.93	0.0252195	0.0365061
293.15	16	270	5055.75	0.02456	0.0360819
293.15	16	280	5135.67	0.0237772	0.0357564
293.15	16	290	5212.59	0.0254023	0.0355988
293.15	16	300	5303.77	0.0240523	0.035303
293.15	16	310	5397.39	0.0235979	0.0353748
293.15	16	320	5478.24	0.024852	0.0357449
293.15	16	330	5548.6	0.0252389	0.0359636
293.15	16	340	5638.3	0.0246805	0.0353908
293.15	16	350	5728.23	0.0250033	0.0353889
293.15	16	360	5802.42	0.0243705	0.0351957
293.15	16	370	5884.47	0.0249409	0.0349016
293.15	16	380	5956.04	0.02473	0.0353758
293.15	16	390	6052.2	0.0250884	0.0349905
293.15	16	400	6133.13	0.0246965	0.0354076
293.15	18	100	2960.5	0.026419	0.0367274
293.15	18	110	3117.98	0.0265435	0.0359756
293.15	18	120	3253.65	0.0265957	0.0361564
293.15	18	130	3392.09	0.0252604	0.0358981
293.15	18	140	3529.24	0.0257546	0.0355686
293.15	18	150	3648.61	0.0252029	0.0346284
293.15	18	160	3756.04	0.024841	0.0354303
293.15	18	170	3855.82	0.0244602	0.0353273
293.15	18	180	3965.9	0.0240179	0.0350943
293.15	18	190	4073.9	0.0239508	0.0346965
293.15	18	200	4174.65	0.0237754	0.0351198
293.15	18	210	4271.1	0.0245791	0.035632
293.15	18	220	4366.45	0.0243967	0.0344795
293.15	18	230	4437.22	0.0233045	0.0342846
293.15	18	240	4538.45	0.0239627	0.0346578
293.15	18	250	4623.33	0.0233763	0.0346639
293.15	18	260	4703.77	0.023626	0.0350114
293.15	18	270	4787.53	0.0242522	0.0340641
293.15	18	280	4865.92	0.0227706	0.0340364
293.15	18	290	4950.59	0.0231441	0.0338649
293.15	18	300	5011.97	0.023025	0.0340293
293.15	18	310	5104.66	0.0232208	0.0340395
293.15	18	320	5185.15	0.0238001	0.0331731
293.15	18	330	5251.54	0.0228369	0.0339147
293.15	18	340	5330.17	0.0232346	0.034019
293.15	18	350	5404.48	0.023819	0.0342713
293.15	18	360	5473.5	0.0227217	0.033682
293.15	18	370	5551.34	0.0237019	0.0334221
293.15	18	380	5626.04	0.0232523	0.0332166
293.15	18	390	5688.23	0.0237602	0.0332029
293.15	18	400	5769.83	0.0233961	0.0331385
293.15	5	100	5472.99	0.0444397	0.0638728
293.15	5	110	5740.23	0.0455264	0.0622784
293.15	5	120	6011.28	0.0441992	0.063008
293.15	5	130	6248.96	0.0446122	0.0628522
293.15	5	140	6513.91	0.0448913	0.061695
293.15	5	150	6752.75	0.0441727	0.0612735
293.15	5	160	6968.58	0.0445105	0.0614579
293.15	5	170	7200.45	0.0434961	0.0607065
293.15	5	180	7418.97	0.0432782	0.0594908
293.15	5	190	7671.24	0.0429715	0.0590706
293.15	5	200	7885.09	0.0419743	0.0586736
293.15	5	210	8104.99	0.0432837	0.0595957
293.15	5	220	8326.48	0.0421471	0.0582344
293.15	5	230	8540	0.0410303	0.0578947
293.15	5	240	8767.8	0.0421444	0.0582362
293.15	5	250	8949.51	0.0426249	0.0576206
293.15	5	260	9170.54	0.0392979	0.0584107
293.15	5	270	9355.25	0.0410211	0.0567994
293.15	5	280	9555.84	0.0402044	0.0571469
293.15	5	290	9753.45	0.0393663	0.0552402
293.15	5	300	9966.78	0.0397041	0.0550897
293.15	5	310	10145.8	0.0399783	0.0565588
293.15	5	320	10339.8	0.0404508	0.0560716
293.15	5	330	10516.4	0.0411299	0.0562368
293.15	5	340	10705.4	0.0394209	0.0550048
293.15	5	350	10900	0.0408161	0.0549647
293.15	5	360	11073.6	0.0391654	0.0547138
293.15	5	370	11249.9	0.0393172	0.0543216
293.15	5	380	11453.7	0.0393555	0.0545515
293.15	5	390	11606.2	0.0385826	0.0529804
293.15	5	400	11785.5	0.0397921	0.0548499
293.15	13	100	3496.3	0.0294795	0.0420131
293.15	13	110	3667.8	0.029254	0.0411683
293.15	13	120	3819.69	0.0293611	0.0413829
293.15	13	130	3964.9	0.0285896	0.0403244
293.15	13	140	4118.32	0.0285665	0.0408682
293.15	13	150	4245.69	0.027882	0.0403387
293.15	13	160	4374.87	0.0284602	0.0405966
293.15	13	170	4480.77	0.028875	0.0404154
293.15	13	180	4613.57	0.0274634	0.0401066
293.15	13	190	4728.87	0.0272392	0.0397977
293.15	13	200	4844.27	0.0278291	0.0399405
293.15	13	210	4960.58	0.027558	0.0400473
293.15	13	220	5067.94	0.0272469	0.0399234
293.15	13	230	5168.25	0.026427	0.0395593
293.15	13	240	5285.63	0.0273578	0.0398006
293.15	13	250	5372.59	0.0275414	0.0397337
293.15	13	260	5481.35	0.0270554	0.03932
293.15	13	270	5582.76	0.0272947	0.0394487
293.15	13	280	5672.17	0.0269383	0.0392338
293.15	13	290	5773.96	0.0274191	0.0390101
293.15	13	300	5882.23	0.0269733	0.0387803
293.15	13	310	5980.77	0.026716	0.0390593
293.15	13	320	6069.2	0.0267112	0.0400743
293.15	13	330	6159.64	0.027031	0.0389147
293.15	13	340	6254.86	0.0268415	0.0386016
293.15	13	350	6369.88	0.0272092	0.037562
293.15	13	360	6455.6	0.0274532	0.0384932
293.15	13	370	6552.6	0.0280911	0.0383562
293.15	13	380	6637.55	0.0264354	0.0382534
293.15	13	390	6723.88	0.0275308	0.0382567
293.15	13	400	6837.07	0.0276884	0.038312
293.15	27	100	2362.92	0.0234704	0.0303522
293.15	27	110	2491.49	0.0236515	0.0316281
293.15	27	120	2618.64	0.0232892	0.0300973
293.15	27	130	2746.29	0.0228827	0.0298745
293.15	27	140	2862.63	0.0233361	0.0298209
293.15	27	150	2969.89	0.0217965	0.0295554
293.15	27	160	3065.14	0.0211093	0.0296428
293.15	27	170	3166.97	0.0214373	0.029454
293.15	27	180	3254.56	0.0213932	0.030101
293.15	27	190	3352.98	0.0210459	0.0290722
293.15	27	200	3440.07	0.0198555	0.0287595
293.15	27	210	3525.97	0.0205595	0.0285763
293.15	27	220	3596.81	0.020684	0.0286962
293.15	27	230	3683.16	0.0206358	0.0282381
293.15	27	240	3746.95	0.0202075	0.028507
293.15	27	250	3817.8	0.0196425	0.0289711
293.15	27	260	3901.35	0.0196566	0.0286825
293.15	27	270	3964.11	0.0198942	0.0283818
293.15	27	280	4031.19	0.0191924	0.0285578
293.15	27	290	4100.18	0.0197407	0.0280252
293.15	27	300	4169.11	0.019671	0.0283909
293.15	27	310	4222.75	0.0201859	0.0279134
293.15	27	320	4296.9	0.0198168	0.0280628
293.15	27	330	4356.39	0.0197505	0.0283705
293.15	27	340	4421.36	0.0200606	0.0283424
293.15	27	350	4475.77	0.0194242	0.028244
293.15	27	360	4533.6	0.0193768	0.0282613
293.15	27	370	4579.03	0.0192845	0.0283979
293.15	27	380	4644.61	0.0198014	0.0278504
293.15	27	390	4700.63	0.0197291	0.028195
293.15	27	400	4762.79	0.0191459	0.0273795
293.15	12	100	3634.6	0.0301922	0.0429198
293.15	12	110	3807.88	0.0308522	0.0428779
293.15	12	120	3960.52	0.030169	0.0428958
293.15	12	130	4124.64	0.0291895	0.0429984
293.15	12	140	4274.94	0.02944	0.0430262
293.15	12	150	4408.77	0.0283548	0.0423297
293.15	12	160	4533.16	0.0291951	0.0430419
293.15	12	170	4659.19	0.0284879	0.0418384
293.15	12	180	4783.62	0.0283627	0.0421269
293.15	12	190	4910.34	0.028477	0.0414216
293.15	12	200	5024.71	0.0278284	0.0418803
293.15	12	210	5153.54	0.0282878	0.0410017
293.15	12	220	5258.02	0.0292577	0.0409525
293.15	12	230	5370.68	0.027895	0.0416318
293.15	12	240	5485.42	0.0287333	0.0412747
293.15	12	250	5593.54	0.0282778	0.0410424
293.15	12	260	5690.78	0.0277911	0.0410716
293.15	12	270	5815.49	0.0283474	0.0405656
293.15	12	280	5906.89	0.0273588	0.0411889
293.15	12	290	6015.62	0.0285651	0.0405251
293.15	12	300	6122.75	0.0277353	0.0398531
293.15	12	310	6230.94	0.0277304	0.039908
293.15	12	320	6320.21	0.0284193	0.0397723
293.15	12	330	6424.9	0.0273671	0.0408944
293.15	12	340	6530.18	0.028245	0.0401534
293.15	12	350	6634.56	0.0285533	0.0401391
293.15	12	360	6745.99	0.0277882	0.0397341
293.15	12	370	6839	0.0292458	0.0387995
293.15	12	380	6936.79	0.0272942	0.0392824
293.15	12	390	7034.94	0.0291276	0.0386715
293.15	12	400	7134.56	0.0287788	0.0396741
293.15	14	100	3366.99	0.0282832	0.0404216
293.15	14	110	3535.95	0.0292639	0.0401
293.15	14	120	3686.52	0.0282996	0.0401514
293.15	14	130	3834.51	0.0272436	0.0395107
293.15	14	140	3975.43	0.0282067	0.0396446
293.15	14	150	4105.11	0.0276925	0.0394432
293.15	14	160	4224.82	0.027008	0.0385688
293.15	14	170	4339.45	0.0267331	0.0385184
293.15	14	180	4458.72	0.0271583	0.0394377
293.15	14	190	4577.2	0.0259117	0.0378085
293.15	14	200	4681.78	0.0264249	0.0384618
293.15	14	210	4799.07	0.0275866	0.0392041
293.15	14	220	4895	0.0270231	0.0384064
293.15	14	230	4994.03	0.0263057	0.0381761
293.15	14	240	5097.22	0.0268088	0.0388892
293.15	14	250	5189.91	0.0267938	0.0381392
293.15	14	260	5277.96	0.0262578	0.0385158
293.15	14	270	5394.98	0.0266583	0.0383841
293.15	14	280	5479.2	0.0263308	0.0380013
293.15	14	290	5572.08	0.0260724	0.0385907
293.15	14	300	5661.31	0.0260987	0.0372867
293.15	14	310	5757.05	0.0264119	0.0379896
293.15	14	320	5856.52	0.0261706	0.0374028
293.15	14	330	5941.67	0.0260099	0.0376101
293.15	14	340	6024.98	0.0261043	0.037973
293.15	14	350	6122.86	0.0265157	0.037604
293.15	14	360	6218.31	0.0254623	0.0373892
293.15	14	370	6304.19	0.0270189	0.0373095
293.15	14	380	6382.41	0.0257092	0.0372301
293.15	14	390	6479.39	0.0264435	0.0367262
293.15	14	400	6571.33	0.026138	0.0365081
293.15	1	100	13469.4	0.0833373	0.115841
293.15	1	110	14260.9	0.0874882	0.115479
293.15	1	120	15016.8	0.0828455	0.113505
293.15	1	130	15766.2	0.0832104	0.112278
293.15	1	140	16476.1	0.0845462	0.110283
293.15	1	150	17176.1	0.082956	0.110153
293.15	1	160	17871.5	0.0820583	0.108319
293.15	1	170	18502.6	0.0810979	0.108665
293.15	1	180	19135.9	0.0807774	0.108687
293.15	1	190	19760.7	0.080098	0.108721
293.15	1	200	20394.7	0.0821657	0.109545
293.15	1	210	21000.5	0.0814834	0.109991
293.15	1	220	21621.1	0.0831585	0.109972
293.15	1	230	22231.5	0.086579	0.11122
293.15	1	240	22811	0.0859105	0.108582
293.15	1	250	23430.2	0.0831465	0.108734
293.15	1	260	23987.7	0.0859277	0.110505
293.15	1	270	24650.5	0.0876627	0.110095
293.15	1	280	25260.4	0.0917214	0.109536
293.15	1	290	25912.3	0.0887098	0.107087
293.15	1	300	26504.5	0.0929258	0.109229
293.15	1	310	27207.1	0.0951745	0.109457
293.15	1	320	27888.8	0.0929838	0.108105
293.15	1	330	28464.2	0.0928181	0.109988
293.15	1	340	29252.9	0.0929682	0.108811
293.15	1	350	29926.8	0.0945087	0.108854
293.15	1	360	30530.9	0.0932209	0.110569
293.15	1	370	31306.8	0.0999817	0.110278
293.15	1	380	32010.9	0.0955692	0.110302
293.15	1	390	32702.1	0.0954061	0.108243
293.15	1	400	33439.7	0.0959718	0.104613
293.15	19	100	2876.15	0.0261169	0.0359505
293.15	19	110	3029.41	0.0268092	0.0355593
293.15	19	120	3170.91	0.0257505	0.0348408
293.15	19	130	3300.54	0.0255312	0.0350827
293.15	19	140	3436.39	0.0248771	0.0344969
293.15	19	150	3549.01	0.0248908	0.0347779
293.15	19	160	3648.2	0.0243076	0.0346864
293.15	19	170	3771.01	0.0244515	0.0338442
293.15	19	180	3860.52	0.0237415	0.0335201
293.15	19	190	3974.53	0.023385	0.0337462
293.15	19	200	4065.73	0.022751	0.0344544
293.15	19	210	4163.33	0.0235844	0.0338042
293.15	19	220	4247.98	0.0232187	0.0333616
293.15	19	230	4336.38	0.0230379	0.033496
293.15	19	240	4431.03	0.0233174	0.0338267
293.15	19	250	4503.73	0.0228906	0.0338202
293.15	19	260	4579	0.0228526	0.0337353
293.15	19	270	4665.41	0.0232995	0.0332412
293.15	19	280	4746.89	0.0228507	0.0338931
293.15	19	290	4824.28	0.0230267	0.033965
293.15	19	300	4892.04	0.0229563	0.0329337
293.15	19	310	4968.08	0.0229776	0.033716
293.15	19	320	5050.1	0.0232248	0.0335411
293.15	19	330	5119.03	0.0227261	0.034067
293.15	19	340	5194.98	0.0228527	0.03323
293.15	19	350	5274.05	0.0219169	0.0331938
293.15	19	360	5337.52	0.0226573	0.0330909
293.15	19	370	5407.05	0.0230926	0.0328643
293.15	19	380	5473.55	0.0228046	0.0322057
293.15	19	390	5536.57	0.0225741	0.0324847
293.15	19	400	5621.83	0.0227711	0.0322606
293.15	25	100	2466.22	0.0238243	0.0320226
293.15	25	110	2602.53	0.0239847	0.0314307
293.15	25	120	2734.99	0.0237983	0.0323016
293.15	25	130	2854.9	0.022632	0.0315893
293.15	25	140	2987.21	0.0231224	0.0304411
293.15	25	150	3091.46	0.0222913	0.0308466
293.15	25	160	3188.4	0.0226822	0.0307322
293.15	25	170	3290.27	0.0215041	0.0302228
293.15	25	180	3385.02	0.0214153	0.0299561
293.15	25	190	3480.98	0.0211854	0.0299625
293.15	25	200	3569.68	0.0211526	0.0300885
293.15	25	210	3667.02	0.0210433	0.0304328
293.15	25	220	3738.76	0.021747	0.0294236
293.15	25	230	3807.2	0.020556	0.0293394
293.15	25	240	3900.65	0.0207781	0.0298871
293.15	25	250	3965.89	0.0203689	0.029781
293.15	25	260	4041.34	0.0202638	0.0292466
293.15	25	270	4115.22	0.0199962	0.0293114
293.15	25	280	4184.66	0.0201006	0.0293423
293.15	25	290	4240.82	0.0208366	0.0293249
293.15	25	300	4315.33	0.0205049	0.029245
293.15	25	310	4382.43	0.0199484	0.029248
293.15	25	320	4447.57	0.0202628	0.0291996
293.15	25	330	4506.46	0.0197925	0.0289616
293.15	25	340	4572.38	0.0197426	0.0295249
293.15	25	350	4633.2	0.02047	0.029313
293.15	25	360	4696.86	0.0198055	0.0287984
293.15	25	370	4762.9	0.0204599	0.0285388
293.15	25	380	4809.09	0.0199873	0.0288896
293.15	25	390	4875.53	0.0200749	0.029243
293.15	25	400	4934.95	0.0197817	0.0290958
293.15	6	100	5018.39	0.0407023	0.0593769
293.15	6	110	5256.07	0.0396792	0.0575124
293.15	6	120	5481.42	0.0401464	0.0572817
293.15	6	130	5698.13	0.0395377	0.0581765
293.15	6	140	5916.34	0.0399305	0.0577289
293.15	6	150	6122.73	0.0405333	0.057428
293.15	6	160	6332.4	0.0393928	0.0565581
293.15	6	170	6533.53	0.0398031	0.0571848
293.15	6	180	6739.66	0.0389426	0.0563816
293.15	6	190	6928.83	0.0381425	0.0557583
293.15	6	200	7141.04	0.0403247	0.05548
293.15	6	210	7319.71	0.0387594	0.0554575
293.15	6	220	7512.77	0.0380494	0.0545278
293.15	6	230	7710.53	0.0403108	0.0556339
293.15	6	240	7879.28	0.0386738	0.0532188
293.15	6	250	8075.81	0.0387588	0.0539451
293.15	6	260	8252.11	0.0374833	0.0525232
293.15	6	270	8419.11	0.0384109	0.0528742
293.15	6	280	8609.66	0.0378885	0.0534891
293.15	6	290	8769.96	0.036308	0.0532854
293.15	6	300	8956.77	0.0369648	0.0518536
293.15	6	310	9123.18	0.0384452	0.0519059
293.15	6	320	9310.26	0.0377776	0.0521419
293.15	6	330	9451.33	0.0373347	0.0512086
293.15	6	340	9621.17	0.036701	0.0513378
293.15	6	350	9805.74	0.0373514	0.0513641
293.15	6	360	9970.4	0.0372429	0.0502596
293.15	6	370	10121.5	0.0362487	0.0505375
293.15	6	380	10280.7	0.0376118	0.0511808
293.15	6	390	10434.4	0.0361737	0.051344
293.15	6	400	10582.1	0.0372849	0.0504849
293.15	29	100	2268.11	0.0226189	0.0303672
293.15	29	110	2391.38	0.0230179	0.0299953
293.15	29	120	2517.82	0.0223435	0.029548
293.15	29	130	2638.51	0.0220175	0.0293785
293.15	29	140	2751.62	0.0216638	0.02923
293.15	29	150	2858.03	0.0207483	0.0282846
293.15	29	160	2946.48	0.0211544	0.0287975
293.15	29	170	3050.15	0.0206406	0.028376
293.15	29	180	3136.65	0.0201029	0.0281775
293.15	29	190	3232.83	0.0198758	0.0281439
293.15	29	200	3314.99	0.0196054	0.0281271
293.15	29	210	3406.7	0.0199893	0.0289255
293.15	29	220	3477.65	0.0201588	0.027926
293.15	29	230	3549.13	0.0200229	0.0282073
293.15	29	240	3630.31	0.0193985	0.0273213
293.15	29	250	3700.99	0.0189128	0.0269442
293.15	29	260	3767.33	0.0193458	0.0271079
293.15	29	270	3839.03	0.0196897	0.0276941
293.15	29	280	3899.33	0.0189984	0.0273257
293.15	29	290	3964.88	0.0195365	0.0273351
293.15	29	300	4028.44	0.0193455	0.0270644
293.15	29	310	4095.95	0.0194134	0.0272586
293.15	29	320	4151.48	0.0189593	0.027473
293.15	29	330	4210.95	0.0192463	0.0273821
293.15	29	340	4264.24	0.0191097	0.026959
293.15	29	350	4337.35	0.0189066	0.0270262
293.15	29	360	4381.28	0.0178715	0.0276735
293.15	29	370	4443.77	0.0193185	0.0269243
293.15	29	380	4497.59	0.019002	0.0271756
293.15	29	390	4548.37	0.0189342	0.0271267
293.15	29	400	4603.79	0.0187309	0.0269121
293.15	17	100	3059.33	0.0267349	0.0369708
293.15	17	110	3211.22	0.0271841	0.0366629
293.15	17	120	3357.94	0.0266349	0.0359793
293.15	17	130	3492.46	0.0257177	0.0364278
293.15	17	140	3631.51	0.026131	0.0362851
293.15	17	150	3743.7	0.0253133	0.0362639
293.15	17	160	3858.76	0.025437	0.0357534
293.15	17	170	3965.55	0.0249154	0.0356948
293.15	17	180	4078.08	0.0245892	0.0354286
293.15	17	190	4179.47	0.02463	0.0358736
293.15	17	200	4280.33	0.0243045	0.0352207
293.15	17	210	4382.54	0.0249203	0.0359122
293.15	17	220	4479.27	0.0245699	0.0343377
293.15	17	230	4563.67	0.0237685	0.0353211
293.15	17	240	4669.13	0.02404	0.0349831
293.15	17	250	4745.95	0.0242332	0.0349266
293.15	17	260	4829.75	0.0233082	0.0355507
293.15	17	270	4915.1	0.0244653	0.0351139
293.15	17	280	4998.18	0.0234642	0.0357973
293.15	17	290	5082.09	0.023809	0.035216
293.15	17	300	5144.72	0.023415	0.0352094
293.15	17	310	5254.79	0.0236184	0.0341194
293.15	17	320	5316.16	0.0247452	0.0350848
293.15	17	330	5391.92	0.0238881	0.0342156
293.15	17	340	5488.36	0.0239711	0.0340697
293.15	17	350	5548.73	0.0244057	0.0344324
293.15	17	360	5627.93	0.0233813	0.0339663
293.15	17	370	5725.39	0.0240095	0.0334451
293.15	17	380	5800.77	0.0249496	0.0343501
293.15	17	390	5862.63	0.0242515	0.0345371
293.15	17	400	5933.37	0.0238829	0.0334807
293.15	20	100	2795.39	0.0251545	0.0349783
293.15	20	110	2947.88	0.0254422	0.0347446
293.15	20	120	3084.33	0.024998	0.0341326
293.15	20	130	3218.34	0.0251837	0.0336949
293.15	20	140	3347.02	0.0243867	0.0339901
293.15	20	150	3459.6	0.0240869	0.0336102
293.15	20	160	3565.8	0.0237931	0.0334169
293.15	20	170	3673.01	0.0238632	0.0334147
293.15	20	180	3772.68	0.0235306	0.0331214
293.15	20	190	3875.02	0.0228833	0.0328562
293.15	20	200	3969.02	0.0234281	0.0329178
293.15	20	210	4069.26	0.0234371	0.0332245
293.15	20	220	4155.08	0.0234261	0.0325394
293.15	20	230	4232.87	0.0230731	0.0326087
293.15	20	240	4322.27	0.0228373	0.0326463
293.15	20	250	4398.24	0.0223546	0.0333793
293.15	20	260	4479.63	0.0227255	0.0326998
293.15	20	270	4562.08	0.0227325	0.0326964
293.15	20	280	4638.29	0.0224013	0.032415
293.15	20	290	4702.14	0.0221311	0.0320928
293.15	20	300	4782.88	0.022677	0.0323742
293.15	20	310	4858.33	0.0225382	0.0324969
293.15	20	320	4925.5	0.0225668	0.0328472
293.15	20	330	4991.87	0.0221134	0.0322612
293.15	20	340	5066.09	0.0225949	0.0321398
293.15	20	350	5143.22	0.0217215	0.0325638
293.15	20	360	5201.88	0.0217962	0.0321976
293.15	20	370	5282.03	0.0223366	0.0317244
293.15	20	380	5334.58	0.0216395	0.032274
293.15	20	390	5414.89	0.0223808	0.0319789
293.15	20	400	5477.68	0.0226901	0.0317076
293.15	3	100	7123.67	0.0562166	0.0768376
293.15	3	110	7514.57	0.0571987	0.0782475
293.15	3	120	7887.5	0.0550429	0.0780179
293.15	3	130	8255.64	0.053468	0.0736531
293.15	3	140	8621.16	0.0545509	0.0742567
293.15	3	150	8975.37	0.0539553	0.0736233
293.15	3	160	9295.39	0.0540582	0.0735511
293.15	3	170	9614.92	0.0536377	0.0725565
293.15	3	180	9962.79	0.053806	0.0724833
293.15	3	190	10275	0.0521308	0.0724291
293.15	3	200	10582.4	0.0521213	0.0699645
293.15	3	210	10898.7	0.0529622	0.069662
293.15	3	220	11226.9	0.0510916	0.0683393
293.15	3	230	11513	0.0498421	0.0695215
293.15	3	240	11805.4	0.0503632	0.0684164
293.15	3	250	12107.6	0.0499006	0.0682871
293.15	3	260	12373.2	0.0486912	0.0685948
293.15	3	270	12643.8	0.0495597	0.0677335
293.15	3	280	12919.8	0.0499719	0.067092
293.15	3	290	13196.6	0.0489871	0.0668757
293.15	3	300	13482.6	0.0493177	0.0669455
293.15	3	310	13720	0.0494581	0.0671042
293.15	3	320	14015.6	0.0484522	0.0652299
293.15	3	330	14259.1	0.0483092	0.0656953
293.15	3	340	14517.3	0.0488371	0.0651419
293.15	3	350	14784	0.0488629	0.0665875
293.15	3	360	15007.3	0.0481284	0.0653408
293.15	3	370	15274	0.0472283	0.065703
293.15	3	380	15525.5	0.047866	0.0650154
293.15	3	390	15781.2	0.048693	0.063741
293.15	3	400	15995.1	0.0481568	0.065776
